,batch_size,input_size,compute_dtype,duration
0,1,20,torch.float32,4.116989206057042
1,1,20,torch.bfloat16,4.12979470891878
2,1,2048,torch.float32,5.36285999417305
3,1,2048,torch.bfloat16,5.382213769946247
4,8,20,torch.float32,0.5759416930377483
5,8,20,torch.bfloat16,0.5658980128355324
6,8,2048,torch.float32,2.016269514337182
7,8,2048,torch.bfloat16,2.0161643801257014
